File,Term
audio1.mp3,бета-тестирования
audio1.mp3,гарантийное обязательство
audio1.mp3,область знаний
audio1.mp3,Исследовательское тестирование
audio1.mp3,Тестирование совместимости
audio1.mp3,QA
audio1.mp3,тестирования
audio1.mp3,Общее тестирование
audio1.mp3,инкрементальная модель
audio1.mp3,альфа-тестирование
audio1.mp3,ICO 29119
audio1.mp3,Безопасность
audio1.mp3,каскадная методология
audio1.mp3,Планирование
audio1.mp3,статическое тестирование
audio1.mp3,менеджер проектов
audio1.mp3,Автоматизация тестирования
audio1.mp3,стандарты
audio1.mp3,регрессионное тестирование
audio1.mp3,тестирование безопасности.
audio1.mp3,Перекресток премиум
audio1.mp3,уровень производительности
audio1.mp3,Вычислительная система
audio1.mp3,М.
audio1.mp3,iteration
audio1.mp3,Автоматизированные тестирования
audio1.mp3,SMOKE тестирование
audio1.mp3,альфа-тестирования
audio1.mp3,каскадная модель
audio1.mp3,СМОК-тестирование
audio1.mp3,Ad-hoc тестирование
audio1.mp3,альфа-бета тестирование
audio1.mp3,ГОСТ
audio1.mp3,Тестирование ПО
audio1.mp3,Тестирование
audio1.mp3,кластеризация дефектов
audio1.mp3,тестовой среды
audio1.mp3,automotization
audio1.mp3,bюджет
audio1.mp3,Скорость тестирования
audio1.mp3,мененеджер проекта
audio1.mp3,тестирование
audio1.mp3,Ad-Hoc тестирование
audio1.mp3,тестирования нагрузки
audio1.mp3,тестовое покрытие
audio1.mp3,Кластеризация дефектов
audio2.mp3,KPI
audio2.mp3,ОПЕКС
audio2.mp3,недостатки
audio2.mp3,Производитель результатов
audio2.mp3,official
audio2.mp3,контрактов
audio2.mp3,ноу-хау
audio2.mp3,Форс-мажор
audio2.mp3,обслуживание
audio2.mp3,гарантийные обязательства
audio2.mp3,telecom systems
audio2.mp3,конфиденциальная информация
audio2.mp3,дистанционную работу.
audio2.mp3,Кискадная методология
audio2.mp3,интегратор
audio2.mp3,Нарушение закона
audio2.mp3,- сложности
audio2.mp3,44-ый ФЗ
audio2.mp3,конфиденциальности
audio2.mp3,Конфиденциальность
audio2.mp3,дистанционная работа
audio2.mp3,44 ФСЗ
audio2.mp3,форс-мажорные обстоятельства
audio2.mp3,Клиент
audio2.mp3,аккаунт менеджер
audio2.mp3,форс-мажор
audio2.mp3,штрафные санкции
audio2.mp3,зона ответственности
audio2.mp3,гарантийное обязательство
audio2.mp3,мотивированный отказ
audio2.mp3,договора
audio2.mp3,аванс
audio2.mp3,Вершина параболы
audio2.mp3,Адизесу
audio2.mp3,администрирование
audio2.mp3,ключевая ставка
audio2.mp3,гарантийного срока
audio2.mp3,концентрация
audio2.mp3,IP-адреса
audio2.mp3,Критический уровень
audio2.mp3,Условия гарантии
audio2.mp3,контрактование
audio2.mp3,габальные условия
audio2.mp3,Максимальная концентрация
audio2.mp3,недостаток
audio3.mp3,юнит тесты
audio3.mp3,Calculation
audio3.mp3,бизнес логики
audio3.mp3,А.Семкин
audio3.mp3,регрессионные ошибки
audio3.mp3,простота поддержки
audio3.mp3,качестве тестов
audio3.mp3,регрессия
audio3.mp3,качественные тесты
audio3.mp3,Калькулятор
audio3.mp3,первое
audio4.mp3,искусственный интеллект
audio4.mp3,искусственного интеллекта
audio4.mp3,ML
audio4.mp3,перенос обучения
audio4.mp3,Нейросети
audio4.mp3,неural network
audio4.mp3,Выходнет
audio4.mp3,доменная адаптация
audio4.mp3,нейросети
audio4.mp3,неural networks
audio4.mp3,backbone
audio4.mp3,доменной адаптацией
audio4.mp3,BERT
audio4.mp3,Перенос обучения
audio5.mp3,Element3
audio5.mp3,DEVELOPER
audio5.mp3,table
audio5.mp3,Leaf Server
audio5.mp3,X-Path
audio5.mp3,MyClass
audio5.mp3,li
audio5.mp3,инструмент поиска
audio5.mp3,user-agent
audio5.mp3,strip
audio5.mp3,div
audio5.mp3,listItems
audio5.mp3,XPath
audio5.mp3,ChartFullWidth
audio5.mp3,title-element
audio5.mp3,скрейпинг
audio5.mp3,LXML
audio5.mp3,toString
audio5.mp3,XML
audio5.mp3,map
audio5.mp3,BeautifulSoup
audio5.mp3,ReleaseEa
audio5.mp3,условия обслуживания
audio5.mp3,myuseragent
audio5.mp3,Top Movies
audio5.mp3,PARSE3
audio5.mp3,HTML коде
audio5.mp3,URL-адрес
audio5.mp3,user agent
audio5.mp3,CSSSelector
audio5.mp3,for
audio5.mp3,operador
audio5.mp3,title
audio5.mp3,header
audio5.mp3,CSSSelect
audio5.mp3,E3
audio5.mp3,CSS селектор
audio5.mp3,xpath
audio5.mp3,title-column
audio5.mp3,insertToDb
audio5.mp3,titleElement
audio5.mp3,X-Path Expressions
audio5.mp3,td
audio5.mp3,movies
audio5.mp3,A
audio5.mp3,CSS Selector
audio5.mp3,XPath Expressions
audio5.mp3,Preseding Sibling
audio5.mp3,XPath axis
audio5.mp3,AppPy
audio5.mp3,parent
audio5.mp3,DataCallerName
audio5.mp3,child
audio5.mp3,CSS Select
audio5.mp3,All Movies
audio5.mp3,name
audio5.mp3,position
audio5.mp3,listItem
audio5.mp3,ancestor
audio5.mp3,title_rating_change
